<?xml version="1.0" encoding="UTF-8"?>
<root>
  <item name="com.indooratlas.android.sdk.IALocationService com.indooratlas.android.sdk.IALocationService.ConnectionInfo addClient(java.lang.String, android.os.Messenger)">
    <annotation name="android.support.annotation.VisibleForTesting" />
  </item>
  <item name="com.indooratlas.android.sdk.IALocationService void dispatch(int, int, int, java.lang.Object)">
    <annotation name="android.support.annotation.VisibleForTesting" />
  </item>
  <item name="com.indooratlas.android.sdk.IALocationService void removeClient(java.lang.String)">
    <annotation name="android.support.annotation.VisibleForTesting" />
  </item>
</root>

