<?xml version="1.0" encoding="UTF-8"?>
<root>
  <item name="com.indooratlas.android.sdk.internal.client.CpaLogPacketUploader java.util.List&lt;com.indooratlas.android.sdk.internal.client.CpaLogPacketUploader.UploadPacket&gt; getPendingRequests()">
    <annotation name="android.support.annotation.VisibleForTesting" />
  </item>
  <item name="com.indooratlas.android.sdk.internal.client.CpaLogPacketUploader mHttpClient">
    <annotation name="android.support.annotation.VisibleForTesting" />
  </item>
  <item name="com.indooratlas.android.sdk.internal.client.CpaLogPacketUploader okhttp3.Callback getCallBack()">
    <annotation name="android.support.annotation.VisibleForTesting" />
  </item>
</root>

